client_id,city,region,zip_code,registration_channel
CL00001,Люберцы,Москва и МО,159470,VK
CL00002,Люберцы,Московская область,199871,VK
CL00003,Мытищи,Московская область,139117,VK
CL00004,Подольск,Москва и МО,121174,VK
CL00005,Красногорск,Москва и МО,114662,INTERNET
CL00006,Люберцы,Москва и МО,131571,VK
CL00007,Мытищи,Московская область,109071,VK
CL00008,Подольск,Московская область,172063,VK
CL00009,Люберцы,Москва и МО,179507,INTERNET
CL00010,Химки,Московская область,198994,VK
CL00011,Люберцы,Москва и МО,188039,INTERNET
CL00012,Королёв,Московская область,159177,VK
CL00013,Химки,Москва и МО,144313,VK
CL00014,Химки,Москва и МО,100942,VK
CL00015,Москва,Москва и МО,104117,INTERNET
CL00016,Мытищи,Москва и МО,136500,INTERNET
CL00017,Химки,Москва и МО,194811,INTERNET
CL00018,Химки,Московская область,153354,VK
CL00019,Мытищи,Москва и МО,156498,INTERNET
CL00020,Реутов,Москва и МО,195561,VK
CL00021,Мытищи,Москва и МО,195448,INTERNET
CL00022,Мытищи,Москва и МО,124931,INTERNET
CL00023,Подольск,Москва и МО,136509,INTERNET
CL00024,Химки,Московская область,109880,INTERNET
CL00025,Мытищи,Москва и МО,170855,VK
CL00026,Мытищи,Московская область,130982,VK
CL00027,Реутов,Москва и МО,128016,INTERNET
CL00028,Москва,Москва и МО,100282,INTERNET
CL00029,Люберцы,Московская область,159638,INTERNET
CL00030,Реутов,Московская область,195748,INTERNET
CL00031,Подольск,Москва и МО,128534,VK
CL00032,Москва,Московская область,107492,VK
CL00033,Королёв,Москва и МО,169615,VK
CL00034,Москва,Московская область,110500,VK
CL00035,Мытищи,Москва и МО,188501,VK
CL00036,Реутов,Москва и МО,174668,VK
CL00037,Москва,Московская область,154948,INTERNET
CL00038,Люберцы,Москва и МО,193872,INTERNET
CL00039,Химки,Москва и МО,117154,INTERNET
CL00040,Королёв,Москва и МО,198548,VK
CL00041,Москва,Москва и МО,173792,VK
CL00042,Мытищи,Москва и МО,166307,INTERNET
CL00043,Подольск,Московская область,109016,VK
CL00044,Красногорск,Москва и МО,157433,INTERNET
CL00045,Москва,Московская область,172692,INTERNET
CL00046,Мытищи,Московская область,117601,INTERNET
CL00047,Мытищи,Московская область,197310,VK
CL00048,Люберцы,Москва и МО,127607,INTERNET
CL00049,Химки,Московская область,134600,INTERNET
CL00050,Люберцы,Московская область,106658,VK
CL00051,Реутов,Московская область,105778,VK
CL00052,Красногорск,Московская область,183507,INTERNET
CL00053,Подольск,Московская область,172309,INTERNET
CL00054,Москва,Москва и МО,190573,VK
CL00055,Москва,Московская область,176350,VK
CL00056,Реутов,Москва и МО,140404,INTERNET
CL00057,Москва,Московская область,127535,VK
CL00058,Мытищи,Москва и МО,173385,INTERNET
CL00059,Подольск,Московская область,131029,VK
CL00060,Подольск,Московская область,103248,VK
CL00061,Красногорск,Московская область,153964,VK
CL00062,Люберцы,Москва и МО,191917,VK
CL00063,Реутов,Московская область,161694,VK
CL00064,Химки,Московская область,160332,INTERNET
CL00065,Люберцы,Московская область,129831,VK
CL00066,Москва,Московская область,152227,INTERNET
CL00067,Люберцы,Московская область,136585,INTERNET
CL00068,Реутов,Московская область,170282,INTERNET
CL00069,Москва,Москва и МО,134237,VK
CL00070,Люберцы,Москва и МО,178193,INTERNET
CL00071,Красногорск,Московская область,141114,INTERNET
CL00072,Мытищи,Москва и МО,175574,VK
CL00073,Люберцы,Москва и МО,157154,VK
CL00074,Химки,Москва и МО,109171,INTERNET
CL00075,Красногорск,Московская область,116334,INTERNET
CL00076,Люберцы,Московская область,142753,INTERNET
CL00077,Люберцы,Москва и МО,125144,INTERNET
CL00078,Реутов,Московская область,122810,INTERNET
CL00079,Реутов,Москва и МО,100053,INTERNET
CL00080,Люберцы,Москва и МО,176019,INTERNET
CL00081,Королёв,Москва и МО,188555,VK
CL00082,Королёв,Московская область,196463,VK
CL00083,Мытищи,Москва и МО,187012,INTERNET
CL00084,Мытищи,Московская область,198453,VK
CL00085,Люберцы,Москва и МО,126100,VK
CL00086,Москва,Москва и МО,162277,VK
CL00087,Королёв,Москва и МО,182544,VK
CL00088,Реутов,Москва и МО,131979,VK
CL00089,Москва,Московская область,113970,INTERNET
CL00090,Химки,Москва и МО,191214,INTERNET
CL00091,Москва,Москва и МО,115906,INTERNET
CL00092,Подольск,Московская область,187500,INTERNET
CL00093,Королёв,Московская область,194276,INTERNET
CL00094,Королёв,Московская область,197472,INTERNET
CL00095,Королёв,Москва и МО,132406,INTERNET
CL00096,Королёв,Московская область,135992,INTERNET
CL00097,Мытищи,Московская область,130735,INTERNET
CL00098,Красногорск,Москва и МО,170798,VK
CL00099,Подольск,Москва и МО,150205,VK
CL00100,Химки,Москва и МО,153424,INTERNET
CL00101,Королёв,Москва и МО,127110,INTERNET
CL00102,Реутов,Московская область,176556,VK
CL00103,Реутов,Москва и МО,146105,INTERNET
CL00104,Реутов,Московская область,154921,VK
CL00105,Королёв,Москва и МО,157125,INTERNET
CL00106,Москва,Москва и МО,187670,INTERNET
CL00107,Подольск,Московская область,116728,VK
CL00108,Реутов,Москва и МО,186900,VK
CL00109,Мытищи,Московская область,117786,INTERNET
CL00110,Подольск,Москва и МО,149689,INTERNET
CL00111,Химки,Москва и МО,144236,INTERNET
CL00112,Люберцы,Московская область,155255,INTERNET
CL00113,Мытищи,Москва и МО,198176,VK
CL00114,Красногорск,Москва и МО,108993,VK
CL00115,Москва,Московская область,126130,VK
CL00116,Подольск,Москва и МО,162070,VK
CL00117,Химки,Москва и МО,133586,INTERNET
CL00118,Подольск,Московская область,198032,VK
CL00119,Подольск,Московская область,114168,VK
CL00120,Люберцы,Москва и МО,149192,INTERNET
CL00121,Химки,Москва и МО,190520,VK
CL00122,Мытищи,Московская область,139529,VK
CL00123,Москва,Москва и МО,156148,INTERNET
CL00124,Мытищи,Москва и МО,144725,VK
CL00125,Реутов,Московская область,113833,INTERNET
CL00126,Красногорск,Московская область,160258,VK
CL00127,Реутов,Москва и МО,168386,INTERNET
CL00128,Королёв,Москва и МО,195817,INTERNET
CL00129,Красногорск,Московская область,111359,INTERNET
CL00130,Королёв,Москва и МО,160910,INTERNET
CL00131,Красногорск,Москва и МО,142600,VK
CL00132,Королёв,Москва и МО,133862,INTERNET
CL00133,Люберцы,Московская область,191905,INTERNET
CL00134,Москва,Москва и МО,125042,VK
CL00135,Химки,Московская область,164038,VK
CL00136,Королёв,Московская область,164332,INTERNET
CL00137,Москва,Москва и МО,129045,INTERNET
CL00138,Химки,Москва и МО,176225,INTERNET
CL00139,Королёв,Москва и МО,145056,INTERNET
CL00140,Красногорск,Москва и МО,159473,INTERNET
CL00141,Люберцы,Москва и МО,115814,VK
CL00142,Красногорск,Москва и МО,170236,VK
CL00143,Химки,Москва и МО,163464,INTERNET
CL00144,Люберцы,Московская область,125443,INTERNET
CL00145,Химки,Москва и МО,139618,VK
CL00146,Подольск,Москва и МО,107146,INTERNET
CL00147,Подольск,Московская область,198669,INTERNET
CL00148,Мытищи,Московская область,175243,INTERNET
CL00149,Королёв,Москва и МО,144657,VK
CL00150,Москва,Москва и МО,162616,VK
CL00151,Мытищи,Москва и МО,109710,VK
CL00152,Подольск,Москва и МО,173772,INTERNET
CL00153,Мытищи,Московская область,115525,INTERNET
CL00154,Химки,Московская область,149856,INTERNET
CL00155,Королёв,Москва и МО,177139,INTERNET
CL00156,Люберцы,Москва и МО,107894,VK
CL00157,Химки,Московская область,134687,VK
CL00158,Подольск,Москва и МО,172350,VK
CL00159,Подольск,Москва и МО,159048,INTERNET
CL00160,Люберцы,Москва и МО,137762,INTERNET
CL00161,Королёв,Москва и МО,130595,INTERNET
CL00162,Химки,Москва и МО,171376,VK
CL00163,Подольск,Московская область,118643,VK
CL00164,Москва,Москва и МО,140319,INTERNET
CL00165,Королёв,Москва и МО,190266,INTERNET
CL00166,Реутов,Московская область,165597,INTERNET
CL00167,Королёв,Москва и МО,105224,INTERNET
CL00168,Красногорск,Московская область,103390,VK
CL00169,Химки,Московская область,175392,VK
CL00170,Люберцы,Москва и МО,199125,VK
CL00171,Королёв,Москва и МО,157963,INTERNET
CL00172,Подольск,Московская область,157132,INTERNET
CL00173,Мытищи,Москва и МО,153523,INTERNET
CL00174,Красногорск,Московская область,121079,INTERNET
CL00175,Реутов,Московская область,137777,INTERNET
CL00176,Москва,Москва и МО,141224,INTERNET
CL00177,Красногорск,Москва и МО,152976,VK
CL00178,Королёв,Москва и МО,124586,INTERNET
CL00179,Королёв,Московская область,199613,VK
CL00180,Химки,Москва и МО,117172,INTERNET
CL00181,Королёв,Московская область,163532,VK
CL00182,Москва,Московская область,179806,VK
CL00183,Подольск,Москва и МО,101792,INTERNET
CL00184,Мытищи,Москва и МО,114871,INTERNET
CL00185,Мытищи,Московская область,120181,INTERNET
CL00186,Люберцы,Москва и МО,135838,INTERNET
CL00187,Королёв,Московская область,131946,INTERNET
CL00188,Подольск,Москва и МО,178561,VK
CL00189,Мытищи,Москва и МО,154387,INTERNET
CL00190,Люберцы,Московская область,137072,INTERNET
CL00191,Королёв,Московская область,158529,INTERNET
CL00192,Красногорск,Москва и МО,199991,INTERNET
CL00193,Королёв,Московская область,124727,VK
CL00194,Реутов,Москва и МО,153841,VK
CL00195,Красногорск,Московская область,192435,INTERNET
CL00196,Реутов,Московская область,185461,VK
CL00197,Королёв,Московская область,116547,INTERNET
CL00198,Мытищи,Московская область,157711,VK
CL00199,Королёв,Москва и МО,118894,INTERNET
CL00200,Подольск,Москва и МО,134737,INTERNET
CL00201,Реутов,Московская область,143065,INTERNET
CL00202,Красногорск,Московская область,199536,INTERNET
CL00203,Москва,Московская область,130771,INTERNET
CL00204,Химки,Московская область,156881,VK
CL00205,Мытищи,Москва и МО,190964,INTERNET
CL00206,Москва,Москва и МО,107355,INTERNET
CL00207,Красногорск,Москва и МО,119080,VK
CL00208,Реутов,Москва и МО,123600,VK
CL00209,Подольск,Москва и МО,150140,VK
CL00210,Королёв,Московская область,118758,VK
CL00211,Королёв,Московская область,160236,INTERNET
CL00212,Москва,Московская область,160981,INTERNET
CL00213,Подольск,Москва и МО,145293,INTERNET
CL00214,Реутов,Московская область,159878,INTERNET
CL00215,Химки,Московская область,163335,VK
CL00216,Химки,Москва и МО,147049,INTERNET
CL00217,Люберцы,Москва и МО,186275,INTERNET
CL00218,Люберцы,Москва и МО,189889,VK
CL00219,Королёв,Московская область,137512,VK
CL00220,Красногорск,Москва и МО,124920,INTERNET
CL00221,Подольск,Московская область,182242,VK
CL00222,Люберцы,Московская область,104373,INTERNET
CL00223,Подольск,Москва и МО,138680,INTERNET
CL00224,Реутов,Москва и МО,117322,INTERNET
CL00225,Люберцы,Московская область,133681,INTERNET
CL00226,Люберцы,Московская область,144396,VK
CL00227,Королёв,Московская область,118449,VK
CL00228,Реутов,Московская область,173048,INTERNET
CL00229,Мытищи,Московская область,101824,INTERNET
CL00230,Мытищи,Москва и МО,188188,INTERNET
CL00231,Реутов,Московская область,148689,VK
CL00232,Химки,Москва и МО,181205,INTERNET
CL00233,Химки,Московская область,183283,INTERNET
CL00234,Люберцы,Московская область,115292,VK
CL00235,Москва,Московская область,139893,INTERNET
CL00236,Мытищи,Москва и МО,170457,VK
CL00237,Реутов,Москва и МО,187881,INTERNET
CL00238,Подольск,Московская область,185841,VK
CL00239,Королёв,Московская область,136666,VK
CL00240,Красногорск,Москва и МО,158287,VK
CL00241,Красногорск,Москва и МО,189873,INTERNET
CL00242,Красногорск,Москва и МО,136160,VK
CL00243,Мытищи,Московская область,159600,VK
CL00244,Химки,Московская область,178269,VK
CL00245,Москва,Московская область,131925,VK
CL00246,Химки,Москва и МО,172641,VK
CL00247,Химки,Московская область,130539,INTERNET
CL00248,Подольск,Московская область,178116,VK
CL00249,Люберцы,Московская область,118964,VK
CL00250,Люберцы,Московская область,114408,VK
CL00251,Подольск,Москва и МО,131186,INTERNET
CL00252,Москва,Москва и МО,106868,VK
CL00253,Реутов,Москва и МО,197735,VK
CL00254,Королёв,Москва и МО,147453,VK
CL00255,Королёв,Москва и МО,180623,VK
CL00256,Люберцы,Москва и МО,104082,VK
CL00257,Королёв,Московская область,155872,VK
CL00258,Королёв,Московская область,158138,VK
CL00259,Мытищи,Москва и МО,119442,VK
CL00260,Подольск,Москва и МО,182978,INTERNET
CL00261,Реутов,Московская область,169541,INTERNET
CL00262,Королёв,Москва и МО,156387,VK
CL00263,Мытищи,Московская область,185316,VK
CL00264,Реутов,Москва и МО,129949,INTERNET
CL00265,Красногорск,Московская область,152262,INTERNET
CL00266,Мытищи,Москва и МО,140963,INTERNET
CL00267,Красногорск,Московская область,190023,INTERNET
CL00268,Мытищи,Москва и МО,111188,VK
CL00269,Реутов,Москва и МО,196835,INTERNET
CL00270,Подольск,Москва и МО,176869,INTERNET
CL00271,Мытищи,Москва и МО,187207,INTERNET
CL00272,Москва,Московская область,178696,INTERNET
CL00273,Красногорск,Москва и МО,166507,VK
CL00274,Подольск,Московская область,129392,VK
CL00275,Красногорск,Московская область,148176,VK
CL00276,Люберцы,Москва и МО,156244,VK
CL00277,Люберцы,Москва и МО,135818,INTERNET
CL00278,Красногорск,Москва и МО,123777,VK
CL00279,Реутов,Москва и МО,197120,VK
CL00280,Мытищи,Московская область,128197,INTERNET
CL00281,Реутов,Москва и МО,120631,INTERNET
CL00282,Люберцы,Московская область,174395,VK
CL00283,Москва,Москва и МО,198885,VK
CL00284,Мытищи,Москва и МО,186761,INTERNET
CL00285,Королёв,Московская область,154287,INTERNET
CL00286,Химки,Московская область,114918,INTERNET
CL00287,Реутов,Москва и МО,188895,INTERNET
CL00288,Люберцы,Москва и МО,151807,VK
CL00289,Москва,Москва и МО,127686,VK
CL00290,Люберцы,Москва и МО,115726,VK
CL00291,Королёв,Московская область,123028,VK
CL00292,Реутов,Москва и МО,130161,INTERNET
CL00293,Мытищи,Москва и МО,197260,VK
CL00294,Реутов,Москва и МО,110205,INTERNET
CL00295,Реутов,Москва и МО,192995,INTERNET
CL00296,Люберцы,Москва и МО,102733,INTERNET
CL00297,Подольск,Московская область,181018,INTERNET
CL00298,Красногорск,Москва и МО,113875,VK
CL00299,Реутов,Москва и МО,168676,VK
CL00300,Реутов,Московская область,197754,INTERNET
CL00301,Химки,Москва и МО,122037,VK
CL00302,Мытищи,Москва и МО,125415,INTERNET
CL00303,Красногорск,Московская область,184599,VK
CL00304,Химки,Москва и МО,133550,VK
CL00305,Подольск,Московская область,199642,VK
CL00306,Подольск,Московская область,182306,INTERNET
CL00307,Королёв,Московская область,199598,INTERNET
CL00308,Красногорск,Московская область,182210,INTERNET
CL00309,Подольск,Москва и МО,161462,INTERNET
CL00310,Люберцы,Московская область,177518,VK
CL00311,Красногорск,Москва и МО,140685,INTERNET
CL00312,Королёв,Москва и МО,148331,INTERNET
CL00313,Мытищи,Московская область,111835,INTERNET
CL00314,Королёв,Москва и МО,196851,VK
CL00315,Королёв,Московская область,174928,VK
CL00316,Красногорск,Московская область,165715,VK
CL00317,Москва,Москва и МО,145015,VK
CL00318,Подольск,Москва и МО,192749,INTERNET
CL00319,Королёв,Москва и МО,179928,VK
CL00320,Красногорск,Москва и МО,137079,INTERNET
CL00321,Реутов,Московская область,188984,VK
CL00322,Красногорск,Москва и МО,112387,INTERNET
CL00323,Люберцы,Москва и МО,186057,VK
CL00324,Красногорск,Москва и МО,186980,VK
CL00325,Красногорск,Москва и МО,185990,INTERNET
CL00326,Подольск,Москва и МО,111104,INTERNET
CL00327,Реутов,Московская область,143054,VK
CL00328,Мытищи,Московская область,155496,INTERNET
CL00329,Москва,Москва и МО,123627,VK
CL00330,Красногорск,Московская область,163736,VK
CL00331,Химки,Московская область,120308,VK
CL00332,Люберцы,Московская область,113256,VK
CL00333,Красногорск,Московская область,181006,VK
CL00334,Реутов,Москва и МО,123703,VK
CL00335,Королёв,Москва и МО,147749,VK
CL00336,Королёв,Московская область,198617,INTERNET
CL00337,Химки,Москва и МО,140562,INTERNET
CL00338,Химки,Москва и МО,174766,INTERNET
CL00339,Королёв,Московская область,150052,INTERNET
CL00340,Подольск,Московская область,179254,VK
CL00341,Люберцы,Москва и МО,162991,INTERNET
CL00342,Мытищи,Московская область,167621,VK
CL00343,Люберцы,Москва и МО,121012,INTERNET
CL00344,Королёв,Московская область,119313,INTERNET
CL00345,Мытищи,Московская область,129102,INTERNET
CL00346,Красногорск,Московская область,154381,VK
CL00347,Реутов,Москва и МО,130903,INTERNET
CL00348,Мытищи,Москва и МО,103694,INTERNET
CL00349,Мытищи,Московская область,185191,INTERNET
CL00350,Подольск,Москва и МО,137601,INTERNET
CL00351,Подольск,Московская область,161487,INTERNET
CL00352,Москва,Московская область,102490,INTERNET
CL00353,Химки,Московская область,171932,INTERNET
CL00354,Мытищи,Московская область,131147,INTERNET
CL00355,Мытищи,Москва и МО,155027,INTERNET
CL00356,Мытищи,Москва и МО,165513,VK
CL00357,Химки,Московская область,138177,INTERNET
CL00358,Москва,Московская область,131531,INTERNET
CL00359,Подольск,Московская область,111221,INTERNET
CL00360,Мытищи,Московская область,171313,VK
CL00361,Реутов,Московская область,105706,INTERNET
CL00362,Красногорск,Москва и МО,102128,INTERNET
CL00363,Мытищи,Москва и МО,196068,VK
CL00364,Красногорск,Москва и МО,146176,INTERNET
CL00365,Подольск,Московская область,189742,INTERNET
CL00366,Королёв,Московская область,117675,VK
CL00367,Королёв,Москва и МО,126422,VK
CL00368,Химки,Московская область,141365,INTERNET
CL00369,Реутов,Московская область,171176,INTERNET
CL00370,Люберцы,Москва и МО,184790,VK
CL00371,Люберцы,Москва и МО,106265,INTERNET
CL00372,Люберцы,Москва и МО,148237,INTERNET
CL00373,Реутов,Московская область,150678,INTERNET
CL00374,Подольск,Москва и МО,165211,INTERNET
CL00375,Люберцы,Московская область,195300,INTERNET
CL00376,Мытищи,Москва и МО,123652,INTERNET
CL00377,Красногорск,Москва и МО,142981,INTERNET
CL00378,Люберцы,Москва и МО,194065,INTERNET
CL00379,Подольск,Московская область,146077,INTERNET
CL00380,Москва,Московская область,146210,INTERNET
CL00381,Люберцы,Московская область,107518,VK
CL00382,Реутов,Москва и МО,198290,VK
CL00383,Москва,Москва и МО,179635,INTERNET
CL00384,Москва,Москва и МО,130932,INTERNET
CL00385,Красногорск,Москва и МО,174349,VK
CL00386,Подольск,Московская область,148623,INTERNET
CL00387,Королёв,Московская область,175225,VK
CL00388,Красногорск,Москва и МО,185139,INTERNET
CL00389,Химки,Московская область,103396,VK
CL00390,Королёв,Москва и МО,173619,VK
CL00391,Люберцы,Московская область,192279,INTERNET
CL00392,Химки,Московская область,137431,INTERNET
CL00393,Химки,Москва и МО,109706,INTERNET
CL00394,Подольск,Московская область,158341,VK
CL00395,Красногорск,Московская область,193000,VK
CL00396,Люберцы,Московская область,120644,VK
CL00397,Красногорск,Москва и МО,115907,VK
CL00398,Подольск,Москва и МО,164752,VK
CL00399,Красногорск,Москва и МО,148353,INTERNET
CL00400,Подольск,Московская область,111300,VK
CL00401,Люберцы,Москва и МО,193969,INTERNET
CL00402,Реутов,Московская область,175353,VK
CL00403,Подольск,Московская область,184192,VK
CL00404,Королёв,Москва и МО,167811,INTERNET
CL00405,Подольск,Московская область,172260,VK
CL00406,Подольск,Москва и МО,107263,VK
CL00407,Подольск,Москва и МО,121229,INTERNET
CL00408,Химки,Москва и МО,168012,INTERNET
CL00409,Мытищи,Москва и МО,183238,INTERNET
CL00410,Подольск,Московская область,180534,VK
CL00411,Подольск,Москва и МО,176106,VK
CL00412,Подольск,Московская область,194454,INTERNET
CL00413,Москва,Московская область,103718,VK
CL00414,Москва,Московская область,175598,INTERNET
CL00415,Химки,Московская область,154602,VK
CL00416,Королёв,Московская область,171509,INTERNET
CL00417,Люберцы,Москва и МО,189783,INTERNET
CL00418,Люберцы,Москва и МО,190257,VK
CL00419,Подольск,Москва и МО,163471,INTERNET
CL00420,Химки,Москва и МО,118830,INTERNET
CL00421,Красногорск,Московская область,145268,INTERNET
CL00422,Подольск,Московская область,167499,VK
CL00423,Красногорск,Москва и МО,116059,INTERNET
CL00424,Королёв,Москва и МО,112689,VK
CL00425,Люберцы,Московская область,180658,INTERNET
CL00426,Химки,Московская область,120932,INTERNET
CL00427,Красногорск,Москва и МО,120885,INTERNET
CL00428,Королёв,Москва и МО,140441,INTERNET
CL00429,Москва,Москва и МО,151543,INTERNET
CL00430,Химки,Москва и МО,146254,VK
CL00431,Москва,Москва и МО,178317,INTERNET
CL00432,Люберцы,Москва и МО,114089,INTERNET
CL00433,Подольск,Московская область,195355,INTERNET
CL00434,Реутов,Москва и МО,152505,VK
CL00435,Химки,Москва и МО,137827,VK
CL00436,Реутов,Москва и МО,172070,INTERNET
CL00437,Мытищи,Москва и МО,112672,INTERNET
CL00438,Красногорск,Московская область,144444,INTERNET
CL00439,Подольск,Москва и МО,166731,INTERNET
CL00440,Москва,Москва и МО,117961,INTERNET
CL00441,Королёв,Москва и МО,119521,VK
CL00442,Красногорск,Московская область,141750,VK
CL00443,Реутов,Московская область,196904,INTERNET
CL00444,Красногорск,Москва и МО,166809,INTERNET
CL00445,Люберцы,Москва и МО,102180,INTERNET
CL00446,Красногорск,Московская область,154596,INTERNET
CL00447,Москва,Москва и МО,134803,VK
CL00448,Москва,Москва и МО,122349,INTERNET
CL00449,Подольск,Московская область,131745,VK
CL00450,Мытищи,Москва и МО,157807,INTERNET
CL00451,Реутов,Москва и МО,190505,VK
CL00452,Реутов,Москва и МО,180147,INTERNET
CL00453,Москва,Московская область,167984,VK
CL00454,Красногорск,Московская область,162701,INTERNET
CL00455,Красногорск,Московская область,160249,INTERNET
CL00456,Красногорск,Московская область,194493,INTERNET
CL00457,Королёв,Москва и МО,132311,INTERNET
CL00458,Люберцы,Москва и МО,139008,INTERNET
CL00459,Химки,Московская область,164094,INTERNET
CL00460,Королёв,Москва и МО,194589,INTERNET
CL00461,Люберцы,Москва и МО,188686,INTERNET
CL00462,Реутов,Московская область,119198,INTERNET
CL00463,Москва,Москва и МО,193603,VK
CL00464,Красногорск,Московская область,185979,INTERNET
CL00465,Королёв,Москва и МО,170592,INTERNET
CL00466,Люберцы,Москва и МО,180698,VK
CL00467,Химки,Москва и МО,169604,VK
CL00468,Химки,Москва и МО,154172,INTERNET
CL00469,Королёв,Москва и МО,118018,VK
CL00470,Подольск,Москва и МО,162350,INTERNET
CL00471,Химки,Московская область,137649,INTERNET
CL00472,Люберцы,Московская область,111725,VK
CL00473,Москва,Московская область,122946,INTERNET
CL00474,Подольск,Московская область,104763,INTERNET
CL00475,Королёв,Москва и МО,198173,INTERNET
CL00476,Москва,Москва и МО,174443,VK
CL00477,Красногорск,Москва и МО,184058,INTERNET
CL00478,Подольск,Московская область,161344,INTERNET
CL00479,Химки,Московская область,143343,VK
CL00480,Королёв,Московская область,194188,VK
CL00481,Москва,Московская область,138669,VK
CL00482,Подольск,Московская область,183719,INTERNET
CL00483,Реутов,Москва и МО,111368,INTERNET
CL00484,Мытищи,Москва и МО,118430,INTERNET
CL00485,Красногорск,Московская область,100895,INTERNET
CL00486,Реутов,Москва и МО,198796,INTERNET
CL00487,Красногорск,Москва и МО,194749,VK
CL00488,Люберцы,Московская область,190802,VK
CL00489,Москва,Московская область,161000,INTERNET
CL00490,Подольск,Москва и МО,165866,INTERNET
CL00491,Мытищи,Московская область,138671,INTERNET
CL00492,Химки,Москва и МО,117507,INTERNET
CL00493,Подольск,Москва и МО,179395,INTERNET
CL00494,Реутов,Московская область,161712,VK
CL00495,Химки,Московская область,178094,VK
CL00496,Королёв,Москва и МО,147419,VK
CL00497,Мытищи,Москва и МО,171781,VK
CL00498,Подольск,Москва и МО,168202,INTERNET
CL00499,Мытищи,Московская область,193967,INTERNET
CL00500,Мытищи,Московская область,158390,VK
CL00501,Королёв,Москва и МО,154450,INTERNET
CL00502,Москва,Москва и МО,188181,INTERNET
CL00503,Москва,Москва и МО,100395,VK
CL00504,Мытищи,Москва и МО,145158,VK
CL00505,Москва,Московская область,109046,INTERNET
CL00506,Москва,Москва и МО,123590,VK
CL00507,Реутов,Москва и МО,150132,INTERNET
CL00508,Реутов,Москва и МО,189486,VK
CL00509,Красногорск,Москва и МО,170419,INTERNET
CL00510,Подольск,Московская область,129188,VK
CL00511,Москва,Московская область,160686,INTERNET
CL00512,Реутов,Московская область,132441,INTERNET
CL00513,Красногорск,Москва и МО,124704,VK
CL00514,Москва,Московская область,154950,VK
CL00515,Химки,Москва и МО,113224,VK
CL00516,Королёв,Москва и МО,192181,VK
CL00517,Химки,Московская область,152725,INTERNET
CL00518,Химки,Москва и МО,198878,VK
CL00519,Подольск,Москва и МО,137914,VK
CL00520,Красногорск,Москва и МО,188150,INTERNET
CL00521,Химки,Москва и МО,118777,VK
CL00522,Реутов,Москва и МО,107989,VK
CL00523,Реутов,Москва и МО,106145,INTERNET
CL00524,Реутов,Московская область,141777,INTERNET
CL00525,Реутов,Москва и МО,149343,VK
CL00526,Королёв,Москва и МО,129536,INTERNET
CL00527,Подольск,Московская область,107552,INTERNET
CL00528,Реутов,Москва и МО,117575,INTERNET
CL00529,Химки,Москва и МО,143288,VK
CL00530,Королёв,Московская область,112119,VK
CL00531,Москва,Москва и МО,188299,VK
CL00532,Мытищи,Москва и МО,199837,VK
CL00533,Королёв,Москва и МО,143642,INTERNET
CL00534,Москва,Москва и МО,124906,VK
CL00535,Королёв,Московская область,191177,VK
CL00536,Реутов,Московская область,172362,INTERNET
CL00537,Люберцы,Москва и МО,169946,INTERNET
CL00538,Люберцы,Москва и МО,167215,INTERNET
CL00539,Королёв,Москва и МО,194688,INTERNET
CL00540,Красногорск,Московская область,148589,INTERNET
CL00541,Реутов,Москва и МО,129002,VK
CL00542,Москва,Москва и МО,176550,INTERNET
CL00543,Люберцы,Москва и МО,143236,VK
CL00544,Реутов,Москва и МО,132208,INTERNET
CL00545,Красногорск,Москва и МО,164044,INTERNET
CL00546,Королёв,Москва и МО,146160,VK
CL00547,Подольск,Московская область,164004,VK
CL00548,Москва,Москва и МО,109742,VK
CL00549,Москва,Москва и МО,182667,VK
CL00550,Мытищи,Московская область,101198,VK
CL00551,Королёв,Москва и МО,180980,INTERNET
CL00552,Королёв,Москва и МО,169758,INTERNET
CL00553,Москва,Москва и МО,194659,INTERNET
CL00554,Люберцы,Москва и МО,191469,INTERNET
CL00555,Подольск,Москва и МО,112624,VK
CL00556,Химки,Москва и МО,169003,INTERNET
CL00557,Красногорск,Москва и МО,152022,VK
CL00558,Красногорск,Московская область,160161,VK
CL00559,Химки,Москва и МО,110566,VK
CL00560,Мытищи,Москва и МО,149436,INTERNET
CL00561,Москва,Московская область,192123,VK
CL00562,Мытищи,Москва и МО,156873,INTERNET
CL00563,Мытищи,Московская область,105577,VK
CL00564,Химки,Московская область,190739,INTERNET
CL00565,Люберцы,Москва и МО,109744,INTERNET
CL00566,Москва,Москва и МО,141220,VK
CL00567,Химки,Москва и МО,198599,INTERNET
CL00568,Мытищи,Москва и МО,173919,VK
CL00569,Реутов,Московская область,170852,INTERNET
CL00570,Реутов,Московская область,118343,VK
CL00571,Красногорск,Москва и МО,157290,VK
CL00572,Мытищи,Москва и МО,180460,INTERNET
CL00573,Красногорск,Москва и МО,135825,INTERNET
CL00574,Королёв,Москва и МО,172487,INTERNET
CL00575,Реутов,Москва и МО,176791,INTERNET
CL00576,Мытищи,Московская область,138715,VK
CL00577,Мытищи,Москва и МО,120214,INTERNET
CL00578,Подольск,Московская область,141507,INTERNET
CL00579,Мытищи,Москва и МО,140405,INTERNET
CL00580,Красногорск,Московская область,113399,VK
CL00581,Мытищи,Москва и МО,158830,INTERNET
CL00582,Мытищи,Москва и МО,146388,VK
CL00583,Красногорск,Московская область,101617,INTERNET
CL00584,Реутов,Москва и МО,111101,VK
CL00585,Подольск,Московская область,122216,VK
CL00586,Люберцы,Москва и МО,164634,VK
CL00587,Мытищи,Москва и МО,136170,INTERNET
CL00588,Люберцы,Москва и МО,110082,INTERNET
CL00589,Люберцы,Московская область,194489,INTERNET
CL00590,Химки,Москва и МО,117758,INTERNET
CL00591,Москва,Московская область,143544,INTERNET
CL00592,Красногорск,Москва и МО,156441,VK
CL00593,Люберцы,Москва и МО,191133,VK
CL00594,Королёв,Москва и МО,152198,INTERNET
CL00595,Люберцы,Московская область,182955,INTERNET
CL00596,Химки,Москва и МО,136739,INTERNET
CL00597,Красногорск,Москва и МО,173905,VK
CL00598,Подольск,Московская область,172102,VK
CL00599,Королёв,Московская область,127479,INTERNET
CL00600,Люберцы,Московская область,109064,INTERNET
CL00601,Королёв,Москва и МО,139692,VK
CL00602,Люберцы,Московская область,193747,INTERNET
CL00603,Реутов,Москва и МО,178372,INTERNET
CL00604,Реутов,Москва и МО,190663,INTERNET
CL00605,Москва,Московская область,147124,VK
CL00606,Мытищи,Московская область,186193,INTERNET
CL00607,Подольск,Московская область,105806,INTERNET
CL00608,Красногорск,Московская область,156420,VK
CL00609,Москва,Москва и МО,129098,VK
CL00610,Королёв,Москва и МО,160694,VK
CL00611,Красногорск,Московская область,163277,VK
CL00612,Люберцы,Москва и МО,111253,VK
CL00613,Подольск,Москва и МО,144966,INTERNET
CL00614,Химки,Москва и МО,145652,INTERNET
CL00615,Мытищи,Москва и МО,191326,INTERNET
CL00616,Красногорск,Москва и МО,105856,VK
CL00617,Москва,Московская область,184930,VK
CL00618,Подольск,Московская область,197057,VK
CL00619,Подольск,Москва и МО,143383,INTERNET
CL00620,Королёв,Москва и МО,153090,VK
CL00621,Подольск,Московская область,156640,INTERNET
CL00622,Москва,Московская область,125863,INTERNET
CL00623,Реутов,Москва и МО,192371,VK
CL00624,Химки,Москва и МО,192243,VK
CL00625,Мытищи,Московская область,170371,VK
CL00626,Красногорск,Москва и МО,159972,VK
CL00627,Люберцы,Московская область,164157,INTERNET
CL00628,Реутов,Московская область,176939,VK
CL00629,Красногорск,Москва и МО,160012,VK
CL00630,Люберцы,Московская область,177354,VK
CL00631,Подольск,Москва и МО,131270,INTERNET
CL00632,Мытищи,Москва и МО,190890,VK
CL00633,Реутов,Москва и МО,118070,INTERNET
CL00634,Реутов,Москва и МО,183296,VK
CL00635,Подольск,Москва и МО,118388,VK
CL00636,Красногорск,Московская область,181187,VK
CL00637,Красногорск,Московская область,163518,VK
CL00638,Химки,Московская область,173607,INTERNET
CL00639,Реутов,Московская область,154477,INTERNET
CL00640,Королёв,Москва и МО,174107,VK
CL00641,Химки,Москва и МО,136025,VK
CL00642,Люберцы,Москва и МО,159942,INTERNET
CL00643,Мытищи,Москва и МО,135112,INTERNET
CL00644,Москва,Московская область,157850,VK
CL00645,Реутов,Москва и МО,185678,VK
CL00646,Люберцы,Московская область,104224,INTERNET
CL00647,Люберцы,Москва и МО,111401,INTERNET
CL00648,Мытищи,Московская область,131056,VK
CL00649,Красногорск,Московская область,179988,INTERNET
CL00650,Подольск,Московская область,127082,VK
CL00651,Москва,Москва и МО,169767,INTERNET
CL00652,Подольск,Москва и МО,192281,INTERNET
CL00653,Люберцы,Москва и МО,167425,VK
CL00654,Подольск,Московская область,153948,VK
CL00655,Люберцы,Московская область,116631,VK
CL00656,Химки,Москва и МО,142217,VK
CL00657,Реутов,Москва и МО,175684,INTERNET
CL00658,Реутов,Москва и МО,109898,VK
CL00659,Реутов,Москва и МО,136467,INTERNET
CL00660,Королёв,Московская область,142898,VK
CL00661,Мытищи,Московская область,160089,INTERNET
CL00662,Мытищи,Московская область,152129,VK
CL00663,Реутов,Московская область,164843,INTERNET
CL00664,Красногорск,Московская область,144270,VK
CL00665,Королёв,Московская область,189463,VK
CL00666,Москва,Москва и МО,160238,VK
CL00667,Мытищи,Московская область,120707,INTERNET
CL00668,Королёв,Москва и МО,156072,VK
CL00669,Подольск,Московская область,139566,VK
CL00670,Люберцы,Москва и МО,147242,INTERNET
CL00671,Мытищи,Москва и МО,185054,VK
CL00672,Москва,Москва и МО,140043,VK
CL00673,Реутов,Московская область,192235,VK
CL00674,Москва,Москва и МО,110215,VK
CL00675,Химки,Москва и МО,158335,VK
CL00676,Москва,Московская область,115806,INTERNET
CL00677,Подольск,Москва и МО,130008,INTERNET
CL00678,Мытищи,Московская область,113425,VK
CL00679,Красногорск,Москва и МО,139223,VK
CL00680,Реутов,Московская область,198717,VK
CL00681,Подольск,Москва и МО,173831,VK
CL00682,Подольск,Москва и МО,194690,VK
CL00683,Подольск,Московская область,180750,INTERNET
CL00684,Химки,Москва и МО,113168,VK
CL00685,Мытищи,Москва и МО,150335,INTERNET
CL00686,Реутов,Москва и МО,118327,VK
CL00687,Люберцы,Московская область,132527,INTERNET
CL00688,Москва,Московская область,186298,INTERNET
CL00689,Химки,Москва и МО,166784,VK
CL00690,Реутов,Москва и МО,107152,VK
CL00691,Королёв,Москва и МО,131599,INTERNET
CL00692,Мытищи,Москва и МО,101581,INTERNET
CL00693,Красногорск,Москва и МО,174498,INTERNET
CL00694,Красногорск,Москва и МО,122645,INTERNET
CL00695,Мытищи,Москва и МО,108851,VK
CL00696,Люберцы,Москва и МО,107925,INTERNET
CL00697,Люберцы,Московская область,165673,INTERNET
CL00698,Реутов,Московская область,110803,VK
CL00699,Люберцы,Москва и МО,110357,VK
CL00700,Подольск,Москва и МО,151213,VK
CL00701,Люберцы,Московская область,195677,VK
CL00702,Москва,Москва и МО,156948,VK
CL00703,Королёв,Московская область,107212,INTERNET
CL00704,Подольск,Москва и МО,192785,VK
CL00705,Москва,Москва и МО,145443,INTERNET
CL00706,Подольск,Москва и МО,198274,INTERNET
CL00707,Мытищи,Московская область,103847,INTERNET
CL00708,Реутов,Москва и МО,108371,INTERNET
CL00709,Мытищи,Москва и МО,166949,INTERNET
CL00710,Москва,Москва и МО,174302,VK
CL00711,Красногорск,Москва и МО,113487,VK
CL00712,Химки,Московская область,100336,VK
CL00713,Москва,Москва и МО,161835,INTERNET
CL00714,Реутов,Московская область,123456,VK
CL00715,Реутов,Москва и МО,132540,INTERNET
CL00716,Красногорск,Москва и МО,110208,INTERNET
CL00717,Мытищи,Москва и МО,106903,VK
CL00718,Химки,Московская область,106019,INTERNET
CL00719,Мытищи,Московская область,137002,INTERNET
CL00720,Красногорск,Москва и МО,159866,VK
CL00721,Красногорск,Москва и МО,173899,INTERNET
CL00722,Химки,Москва и МО,177554,INTERNET
CL00723,Химки,Московская область,171638,VK
CL00724,Подольск,Москва и МО,153744,VK
CL00725,Химки,Москва и МО,183354,VK
CL00726,Красногорск,Москва и МО,186154,INTERNET
CL00727,Люберцы,Москва и МО,169443,VK
CL00728,Реутов,Москва и МО,107850,VK
CL00729,Люберцы,Москва и МО,130339,INTERNET
CL00730,Красногорск,Москва и МО,198028,VK
CL00731,Мытищи,Москва и МО,183521,INTERNET
CL00732,Мытищи,Москва и МО,108163,INTERNET
CL00733,Подольск,Москва и МО,134208,INTERNET
CL00734,Реутов,Московская область,196384,INTERNET
CL00735,Красногорск,Москва и МО,130619,VK
CL00736,Химки,Москва и МО,176638,VK
CL00737,Подольск,Москва и МО,158925,INTERNET
CL00738,Красногорск,Москва и МО,170244,INTERNET
CL00739,Химки,Москва и МО,160731,INTERNET
CL00740,Мытищи,Москва и МО,189922,INTERNET
CL00741,Москва,Москва и МО,142964,VK
CL00742,Мытищи,Московская область,146627,INTERNET
CL00743,Москва,Московская область,134100,VK
CL00744,Москва,Московская область,159270,VK
CL00745,Мытищи,Москва и МО,118322,VK
CL00746,Москва,Москва и МО,129135,VK
CL00747,Химки,Московская область,148790,VK
CL00748,Люберцы,Московская область,109828,VK
CL00749,Мытищи,Москва и МО,184670,INTERNET
CL00750,Подольск,Москва и МО,143456,VK
CL00751,Москва,Московская область,106637,VK
CL00752,Реутов,Московская область,151773,INTERNET
CL00753,Москва,Москва и МО,155923,VK
CL00754,Красногорск,Москва и МО,124530,INTERNET
CL00755,Люберцы,Москва и МО,119481,VK
CL00756,Химки,Московская область,165390,INTERNET
CL00757,Королёв,Москва и МО,136670,INTERNET
CL00758,Подольск,Москва и МО,184233,VK
CL00759,Москва,Московская область,193502,INTERNET
CL00760,Королёв,Москва и МО,163527,INTERNET
CL00761,Красногорск,Москва и МО,123568,VK
CL00762,Красногорск,Москва и МО,103840,INTERNET
CL00763,Москва,Московская область,161824,INTERNET
CL00764,Химки,Московская область,113124,VK
CL00765,Химки,Москва и МО,196607,VK
CL00766,Химки,Москва и МО,150911,INTERNET
CL00767,Подольск,Москва и МО,177662,INTERNET
CL00768,Красногорск,Московская область,103697,INTERNET
CL00769,Подольск,Москва и МО,124672,INTERNET
CL00770,Люберцы,Москва и МО,104975,VK
CL00771,Москва,Москва и МО,128679,VK
CL00772,Королёв,Москва и МО,180495,VK
CL00773,Подольск,Москва и МО,123260,INTERNET
CL00774,Москва,Москва и МО,176888,VK
CL00775,Мытищи,Московская область,147826,VK
CL00776,Красногорск,Московская область,186787,INTERNET
CL00777,Мытищи,Москва и МО,142284,VK
CL00778,Подольск,Московская область,157261,INTERNET
CL00779,Красногорск,Москва и МО,173659,INTERNET
CL00780,Химки,Московская область,122983,INTERNET
CL00781,Люберцы,Московская область,138602,VK
CL00782,Подольск,Московская область,192013,INTERNET
CL00783,Москва,Москва и МО,141709,VK
CL00784,Мытищи,Московская область,118434,INTERNET
CL00785,Мытищи,Москва и МО,141879,VK
CL00786,Мытищи,Московская область,187821,INTERNET
CL00787,Королёв,Москва и МО,127483,VK
CL00788,Мытищи,Москва и МО,114160,VK
CL00789,Москва,Москва и МО,196021,INTERNET
CL00790,Подольск,Московская область,164629,INTERNET
CL00791,Красногорск,Москва и МО,113294,INTERNET
CL00792,Химки,Москва и МО,109661,VK
CL00793,Люберцы,Москва и МО,134226,VK
CL00794,Мытищи,Москва и МО,149212,VK
CL00795,Мытищи,Москва и МО,112203,INTERNET
CL00796,Королёв,Московская область,156534,VK
CL00797,Реутов,Москва и МО,113272,INTERNET
CL00798,Химки,Московская область,153645,INTERNET
CL00799,Люберцы,Москва и МО,112571,VK
CL00800,Реутов,Москва и МО,164349,VK
CL00801,Москва,Москва и МО,156047,VK
CL00802,Люберцы,Московская область,181931,INTERNET
CL00803,Химки,Москва и МО,127125,VK
CL00804,Люберцы,Московская область,162071,VK
CL00805,Люберцы,Московская область,161727,INTERNET
CL00806,Люберцы,Москва и МО,171319,INTERNET
CL00807,Подольск,Москва и МО,149996,INTERNET
CL00808,Подольск,Москва и МО,134510,INTERNET
CL00809,Королёв,Москва и МО,135200,VK
CL00810,Подольск,Московская область,187486,VK
CL00811,Мытищи,Московская область,170968,INTERNET
CL00812,Химки,Москва и МО,150738,INTERNET
CL00813,Королёв,Москва и МО,130886,INTERNET
CL00814,Люберцы,Москва и МО,193625,VK
CL00815,Подольск,Москва и МО,199246,INTERNET
CL00816,Подольск,Московская область,121910,VK
CL00817,Химки,Москва и МО,155492,VK
CL00818,Реутов,Москва и МО,182211,VK
CL00819,Люберцы,Москва и МО,195302,VK
CL00820,Мытищи,Москва и МО,152082,INTERNET
CL00821,Люберцы,Москва и МО,101620,INTERNET
CL00822,Мытищи,Москва и МО,119424,VK
CL00823,Мытищи,Москва и МО,113237,INTERNET
CL00824,Красногорск,Московская область,134620,INTERNET
CL00825,Королёв,Москва и МО,162003,VK
CL00826,Подольск,Москва и МО,118855,INTERNET
CL00827,Москва,Москва и МО,143449,VK
CL00828,Москва,Московская область,135203,INTERNET
CL00829,Москва,Москва и МО,139722,INTERNET
CL00830,Люберцы,Московская область,191250,VK
CL00831,Химки,Москва и МО,197481,INTERNET
CL00832,Красногорск,Москва и МО,154627,VK
CL00833,Химки,Москва и МО,153368,INTERNET
CL00834,Красногорск,Московская область,167537,VK
CL00835,Мытищи,Москва и МО,166426,INTERNET
CL00836,Подольск,Московская область,168719,VK
CL00837,Подольск,Москва и МО,126309,VK
CL00838,Химки,Москва и МО,106626,INTERNET
CL00839,Химки,Москва и МО,160846,INTERNET
CL00840,Мытищи,Московская область,131711,INTERNET
CL00841,Королёв,Москва и МО,123276,INTERNET
CL00842,Красногорск,Москва и МО,133903,VK
CL00843,Люберцы,Москва и МО,106507,VK
CL00844,Химки,Московская область,184853,VK
CL00845,Химки,Москва и МО,153674,VK
CL00846,Москва,Москва и МО,117342,VK
CL00847,Москва,Москва и МО,179736,INTERNET
CL00848,Люберцы,Москва и МО,149345,INTERNET
CL00849,Королёв,Москва и МО,161171,INTERNET
CL00850,Реутов,Москва и МО,100963,INTERNET
CL00851,Люберцы,Москва и МО,114169,INTERNET
CL00852,Мытищи,Москва и МО,136239,INTERNET
CL00853,Люберцы,Москва и МО,193204,INTERNET
CL00854,Химки,Москва и МО,131496,VK
CL00855,Реутов,Московская область,189228,VK
CL00856,Москва,Московская область,138745,INTERNET
CL00857,Реутов,Москва и МО,196564,VK
CL00858,Химки,Москва и МО,193502,VK
CL00859,Королёв,Московская область,188063,INTERNET
CL00860,Люберцы,Московская область,186194,VK
CL00861,Люберцы,Москва и МО,116769,INTERNET
CL00862,Подольск,Московская область,143992,VK
CL00863,Химки,Москва и МО,197545,INTERNET
CL00864,Реутов,Московская область,143426,INTERNET
CL00865,Люберцы,Москва и МО,160786,VK
CL00866,Королёв,Москва и МО,183151,VK
CL00867,Королёв,Московская область,165598,VK
CL00868,Реутов,Москва и МО,154146,VK
CL00869,Подольск,Москва и МО,126253,INTERNET
CL00870,Реутов,Московская область,159974,VK
CL00871,Красногорск,Московская область,123639,VK
CL00872,Королёв,Москва и МО,123176,INTERNET
CL00873,Москва,Москва и МО,135851,VK
CL00874,Подольск,Москва и МО,120766,INTERNET
CL00875,Мытищи,Москва и МО,156847,INTERNET
CL00876,Реутов,Москва и МО,162573,INTERNET
CL00877,Москва,Москва и МО,126137,INTERNET
CL00878,Москва,Московская область,199201,VK
CL00879,Москва,Московская область,182141,VK
CL00880,Химки,Московская область,145134,INTERNET
CL00881,Подольск,Москва и МО,165973,INTERNET
CL00882,Подольск,Москва и МО,105992,INTERNET
CL00883,Люберцы,Москва и МО,168195,INTERNET
CL00884,Реутов,Московская область,117536,INTERNET
CL00885,Королёв,Москва и МО,124697,VK
CL00886,Реутов,Москва и МО,129402,VK
CL00887,Химки,Московская область,177292,VK
CL00888,Мытищи,Москва и МО,185267,VK
CL00889,Реутов,Московская область,133526,VK
CL00890,Москва,Московская область,185664,VK
CL00891,Москва,Московская область,154627,INTERNET
CL00892,Реутов,Москва и МО,133126,INTERNET
CL00893,Подольск,Москва и МО,189881,VK
CL00894,Люберцы,Москва и МО,113235,INTERNET
CL00895,Подольск,Москва и МО,113751,VK
CL00896,Люберцы,Москва и МО,113928,INTERNET
CL00897,Химки,Московская область,134471,VK
CL00898,Красногорск,Московская область,138712,VK
CL00899,Москва,Москва и МО,127222,INTERNET
CL00900,Красногорск,Москва и МО,101671,VK
CL00901,Мытищи,Московская область,187690,INTERNET
CL00902,Подольск,Московская область,167070,VK
CL00903,Мытищи,Московская область,184454,VK
CL00904,Королёв,Московская область,138800,INTERNET
CL00905,Королёв,Москва и МО,122898,VK
CL00906,Люберцы,Москва и МО,188705,INTERNET
CL00907,Реутов,Московская область,112451,VK
CL00908,Москва,Московская область,186947,VK
CL00909,Красногорск,Москва и МО,157372,INTERNET
CL00910,Мытищи,Москва и МО,144921,VK
CL00911,Мытищи,Москва и МО,159839,INTERNET
CL00912,Реутов,Московская область,162684,INTERNET
CL00913,Подольск,Москва и МО,191248,VK
CL00914,Подольск,Москва и МО,177430,INTERNET
CL00915,Королёв,Москва и МО,149774,INTERNET
CL00916,Москва,Московская область,195325,VK
CL00917,Королёв,Московская область,114802,INTERNET
CL00918,Королёв,Москва и МО,134290,INTERNET
CL00919,Москва,Московская область,188857,VK
CL00920,Красногорск,Москва и МО,190209,VK
CL00921,Реутов,Московская область,132581,INTERNET
CL00922,Красногорск,Московская область,184070,INTERNET
CL00923,Подольск,Московская область,173183,VK
CL00924,Москва,Московская область,120568,INTERNET
CL00925,Королёв,Московская область,109812,INTERNET
CL00926,Красногорск,Москва и МО,136458,VK
CL00927,Химки,Москва и МО,149628,INTERNET
CL00928,Химки,Москва и МО,158220,INTERNET
CL00929,Мытищи,Московская область,158598,INTERNET
CL00930,Мытищи,Московская область,197679,VK
CL00931,Мытищи,Москва и МО,104696,VK
CL00932,Мытищи,Московская область,181142,INTERNET
CL00933,Химки,Московская область,159796,INTERNET
CL00934,Красногорск,Московская область,129218,INTERNET
CL00935,Красногорск,Москва и МО,181232,INTERNET
CL00936,Красногорск,Московская область,114945,VK
CL00937,Химки,Москва и МО,146548,INTERNET
CL00938,Красногорск,Московская область,106000,VK
CL00939,Королёв,Москва и МО,193959,INTERNET
CL00940,Мытищи,Москва и МО,125679,VK
CL00941,Мытищи,Московская область,151497,VK
CL00942,Королёв,Московская область,124979,INTERNET
CL00943,Мытищи,Московская область,106094,VK
CL00944,Королёв,Москва и МО,177242,VK
CL00945,Королёв,Москва и МО,196497,VK
CL00946,Реутов,Московская область,163298,VK
CL00947,Подольск,Московская область,116827,VK
CL00948,Реутов,Московская область,179450,INTERNET
CL00949,Реутов,Москва и МО,179822,VK
CL00950,Люберцы,Москва и МО,144939,INTERNET
CL00951,Королёв,Московская область,118111,INTERNET
CL00952,Люберцы,Московская область,171802,INTERNET
CL00953,Химки,Москва и МО,181810,INTERNET
CL00954,Красногорск,Московская область,117389,VK
CL00955,Красногорск,Московская область,199716,INTERNET
CL00956,Королёв,Москва и МО,187445,INTERNET
CL00957,Люберцы,Московская область,155363,VK
CL00958,Мытищи,Москва и МО,119048,VK
CL00959,Москва,Москва и МО,198328,VK
CL00960,Люберцы,Московская область,119192,VK
CL00961,Люберцы,Москва и МО,170932,VK
CL00962,Красногорск,Московская область,113432,VK
CL00963,Реутов,Москва и МО,191242,INTERNET
CL00964,Москва,Московская область,150797,INTERNET
CL00965,Красногорск,Московская область,107051,VK
CL00966,Люберцы,Москва и МО,158073,VK
CL00967,Красногорск,Московская область,171645,VK
CL00968,Химки,Москва и МО,123255,VK
CL00969,Подольск,Московская область,196348,VK
CL00970,Реутов,Москва и МО,136583,INTERNET
CL00971,Подольск,Москва и МО,133425,VK
CL00972,Красногорск,Москва и МО,120290,VK
CL00973,Подольск,Московская область,178234,VK
CL00974,Люберцы,Москва и МО,175061,INTERNET
CL00975,Мытищи,Московская область,141662,VK
CL00976,Подольск,Москва и МО,166209,VK
CL00977,Реутов,Москва и МО,152876,VK
CL00978,Красногорск,Москва и МО,127964,INTERNET
CL00979,Красногорск,Москва и МО,128632,INTERNET
CL00980,Москва,Москва и МО,145351,INTERNET
CL00981,Химки,Московская область,180439,VK
CL00982,Москва,Московская область,142065,INTERNET
CL00983,Мытищи,Москва и МО,170809,INTERNET
CL00984,Москва,Московская область,149146,INTERNET
CL00985,Королёв,Москва и МО,185397,VK
CL00986,Красногорск,Москва и МО,112577,VK
CL00987,Москва,Московская область,127627,VK
CL00988,Реутов,Московская область,126945,INTERNET
CL00989,Мытищи,Московская область,120152,VK
CL00990,Королёв,Московская область,104965,VK
CL00991,Мытищи,Москва и МО,133018,VK
CL00992,Химки,Московская область,153429,INTERNET
CL00993,Королёв,Московская область,156757,INTERNET
CL00994,Москва,Москва и МО,115506,VK
CL00995,Мытищи,Московская область,176756,VK
CL00996,Мытищи,Москва и МО,165907,VK
CL00997,Люберцы,Московская область,139498,VK
CL00998,Люберцы,Московская область,157367,INTERNET
CL00999,Реутов,Московская область,104039,INTERNET
CL01000,Подольск,Москва и МО,117875,INTERNET
CL01001,Люберцы,Московская область,118884,INTERNET
CL01002,Красногорск,Московская область,101461,VK
CL01003,Мытищи,Москва и МО,175067,INTERNET
CL01004,Мытищи,Москва и МО,198080,INTERNET
CL01005,Химки,Москва и МО,184663,VK
CL01006,Подольск,Москва и МО,180856,INTERNET
CL01007,Химки,Москва и МО,187946,VK
CL01008,Королёв,Московская область,109587,INTERNET
CL01009,Мытищи,Москва и МО,125875,INTERNET
CL01010,Красногорск,Москва и МО,187988,VK
CL01011,Мытищи,Москва и МО,109149,VK
CL01012,Красногорск,Москва и МО,143036,INTERNET
CL01013,Подольск,Москва и МО,147774,INTERNET
CL01014,Реутов,Москва и МО,141053,VK
CL01015,Химки,Московская область,183995,INTERNET
CL01016,Люберцы,Московская область,117603,INTERNET
CL01017,Королёв,Москва и МО,147020,INTERNET
CL01018,Королёв,Москва и МО,123038,VK
CL01019,Люберцы,Московская область,118350,VK
CL01020,Люберцы,Московская область,182132,VK
CL01021,Мытищи,Московская область,166476,VK
CL01022,Реутов,Московская область,127886,VK
CL01023,Люберцы,Москва и МО,170736,INTERNET
CL01024,Подольск,Москва и МО,129269,INTERNET
CL01025,Подольск,Москва и МО,166900,VK
CL01026,Реутов,Москва и МО,101388,VK
CL01027,Подольск,Московская область,118398,INTERNET
CL01028,Подольск,Москва и МО,174162,VK
CL01029,Королёв,Московская область,105297,VK
CL01030,Королёв,Москва и МО,134649,INTERNET
CL01031,Химки,Москва и МО,127102,INTERNET
CL01032,Реутов,Москва и МО,159591,VK
CL01033,Москва,Московская область,142476,VK
CL01034,Люберцы,Московская область,134513,VK
CL01035,Реутов,Московская область,147880,VK
CL01036,Люберцы,Москва и МО,129215,INTERNET
CL01037,Красногорск,Московская область,145224,INTERNET
CL01038,Королёв,Московская область,100864,VK
CL01039,Королёв,Москва и МО,110104,INTERNET
CL01040,Химки,Москва и МО,120625,INTERNET
CL01041,Мытищи,Московская область,154344,INTERNET
CL01042,Мытищи,Москва и МО,162759,INTERNET
CL01043,Химки,Москва и МО,184837,INTERNET
CL01044,Москва,Москва и МО,116762,VK
CL01045,Подольск,Московская область,105136,VK
CL01046,Москва,Москва и МО,123597,INTERNET
CL01047,Москва,Московская область,195417,INTERNET
CL01048,Мытищи,Москва и МО,179498,INTERNET
CL01049,Королёв,Москва и МО,153840,VK
CL01050,Подольск,Московская область,166952,INTERNET
CL01051,Подольск,Московская область,144914,INTERNET
CL01052,Мытищи,Москва и МО,150523,VK
CL01053,Мытищи,Москва и МО,168512,INTERNET
CL01054,Подольск,Московская область,123255,INTERNET
CL01055,Москва,Московская область,169655,VK
CL01056,Мытищи,Москва и МО,117082,VK
CL01057,Реутов,Москва и МО,148546,VK
CL01058,Реутов,Москва и МО,163192,INTERNET
CL01059,Красногорск,Москва и МО,197175,VK
CL01060,Реутов,Москва и МО,162539,VK
CL01061,Мытищи,Москва и МО,171267,INTERNET
CL01062,Люберцы,Москва и МО,192949,VK
CL01063,Мытищи,Москва и МО,149155,VK
CL01064,Красногорск,Москва и МО,113970,VK
CL01065,Реутов,Московская область,133244,INTERNET
CL01066,Реутов,Москва и МО,180200,INTERNET
CL01067,Реутов,Московская область,154162,INTERNET
CL01068,Подольск,Москва и МО,172733,INTERNET
CL01069,Люберцы,Московская область,175713,INTERNET
CL01070,Реутов,Московская область,186413,VK
CL01071,Химки,Москва и МО,191660,VK
CL01072,Мытищи,Москва и МО,152502,INTERNET
CL01073,Москва,Москва и МО,183345,VK
CL01074,Мытищи,Московская область,161822,INTERNET
CL01075,Мытищи,Москва и МО,129067,INTERNET
CL01076,Мытищи,Московская область,194960,INTERNET
CL01077,Реутов,Московская область,168289,INTERNET
CL01078,Москва,Московская область,122973,INTERNET
CL01079,Королёв,Москва и МО,186099,INTERNET
CL01080,Химки,Москва и МО,178579,VK
CL01081,Подольск,Московская область,147151,VK
CL01082,Москва,Московская область,111382,INTERNET
CL01083,Реутов,Москва и МО,151792,INTERNET
CL01084,Химки,Москва и МО,196590,VK
CL01085,Мытищи,Москва и МО,195176,INTERNET
CL01086,Красногорск,Московская область,136242,VK
CL01087,Химки,Москва и МО,152947,VK
CL01088,Люберцы,Москва и МО,166353,VK
CL01089,Мытищи,Москва и МО,144560,VK
CL01090,Люберцы,Московская область,175352,INTERNET
CL01091,Королёв,Московская область,173815,INTERNET
CL01092,Химки,Московская область,160142,INTERNET
CL01093,Москва,Москва и МО,133792,VK
CL01094,Реутов,Московская область,128885,VK
CL01095,Красногорск,Москва и МО,146281,VK
CL01096,Люберцы,Москва и МО,112190,INTERNET
CL01097,Красногорск,Москва и МО,123394,INTERNET
CL01098,Красногорск,Москва и МО,175197,INTERNET
CL01099,Подольск,Московская область,189536,VK
CL01100,Королёв,Московская область,130783,VK
CL01101,Люберцы,Москва и МО,126577,VK
CL01102,Красногорск,Москва и МО,113983,VK
CL01103,Мытищи,Московская область,186956,INTERNET
CL01104,Москва,Московская область,170972,VK
CL01105,Королёв,Москва и МО,141342,INTERNET
CL01106,Люберцы,Москва и МО,166995,INTERNET
CL01107,Реутов,Москва и МО,175584,VK
CL01108,Москва,Москва и МО,155466,INTERNET
CL01109,Москва,Москва и МО,151605,VK
CL01110,Королёв,Московская область,191520,INTERNET
CL01111,Красногорск,Московская область,101549,VK
CL01112,Реутов,Москва и МО,142655,INTERNET
CL01113,Люберцы,Москва и МО,134452,VK
CL01114,Люберцы,Москва и МО,180358,INTERNET
CL01115,Красногорск,Москва и МО,155567,VK
CL01116,Реутов,Московская область,148799,INTERNET
CL01117,Реутов,Москва и МО,123578,VK
CL01118,Химки,Московская область,194478,INTERNET
CL01119,Химки,Москва и МО,149923,VK
CL01120,Подольск,Московская область,196802,VK
CL01121,Королёв,Московская область,123148,INTERNET
CL01122,Королёв,Москва и МО,182660,INTERNET
CL01123,Королёв,Москва и МО,173680,VK
CL01124,Реутов,Москва и МО,121409,VK
CL01125,Химки,Московская область,162460,VK
CL01126,Королёв,Московская область,134048,INTERNET
CL01127,Красногорск,Москва и МО,133779,INTERNET
CL01128,Москва,Москва и МО,146018,VK
CL01129,Подольск,Московская область,137304,INTERNET
CL01130,Красногорск,Московская область,163896,INTERNET
CL01131,Мытищи,Москва и МО,137555,INTERNET
CL01132,Подольск,Московская область,183962,INTERNET
CL01133,Реутов,Московская область,174925,INTERNET
CL01134,Мытищи,Москва и МО,145039,VK
CL01135,Красногорск,Москва и МО,138188,INTERNET
CL01136,Реутов,Москва и МО,158313,INTERNET
CL01137,Королёв,Москва и МО,124102,VK
CL01138,Подольск,Московская область,186772,INTERNET
CL01139,Мытищи,Москва и МО,152041,VK
CL01140,Мытищи,Москва и МО,162021,VK
CL01141,Москва,Московская область,168679,VK
CL01142,Мытищи,Москва и МО,120352,VK
CL01143,Реутов,Москва и МО,132426,INTERNET
CL01144,Королёв,Московская область,117206,VK
CL01145,Москва,Москва и МО,146771,INTERNET
CL01146,Королёв,Москва и МО,170855,INTERNET
CL01147,Королёв,Москва и МО,191438,VK
CL01148,Королёв,Московская область,183342,INTERNET
CL01149,Люберцы,Московская область,163131,VK
CL01150,Мытищи,Москва и МО,147943,INTERNET
CL01151,Люберцы,Москва и МО,101383,VK
CL01152,Подольск,Москва и МО,161498,VK
CL01153,Королёв,Московская область,162530,INTERNET
CL01154,Москва,Московская область,138393,VK
CL01155,Москва,Москва и МО,124716,INTERNET
CL01156,Реутов,Москва и МО,121400,INTERNET
CL01157,Реутов,Москва и МО,110382,INTERNET
CL01158,Химки,Москва и МО,180375,INTERNET
CL01159,Люберцы,Московская область,169722,INTERNET
CL01160,Реутов,Москва и МО,108973,VK
CL01161,Подольск,Москва и МО,183478,INTERNET
CL01162,Королёв,Москва и МО,181625,INTERNET
CL01163,Химки,Москва и МО,119942,VK
CL01164,Москва,Москва и МО,113405,INTERNET
CL01165,Люберцы,Москва и МО,157464,VK
CL01166,Химки,Москва и МО,101930,INTERNET
CL01167,Химки,Москва и МО,140838,INTERNET
CL01168,Красногорск,Москва и МО,104159,INTERNET
CL01169,Мытищи,Московская область,119148,VK
CL01170,Люберцы,Московская область,109356,INTERNET
CL01171,Подольск,Москва и МО,132778,INTERNET
CL01172,Москва,Москва и МО,193674,VK
CL01173,Реутов,Московская область,158059,VK
CL01174,Москва,Москва и МО,196380,VK
CL01175,Химки,Москва и МО,189318,INTERNET
CL01176,Красногорск,Москва и МО,195451,VK
CL01177,Мытищи,Москва и МО,183692,INTERNET
CL01178,Химки,Москва и МО,106827,VK
CL01179,Мытищи,Москва и МО,156906,INTERNET
CL01180,Москва,Москва и МО,136188,VK
CL01181,Реутов,Московская область,101170,VK
CL01182,Королёв,Московская область,120315,INTERNET
CL01183,Мытищи,Москва и МО,165525,VK
CL01184,Красногорск,Московская область,199557,VK
CL01185,Москва,Москва и МО,120174,VK
CL01186,Подольск,Москва и МО,141515,INTERNET
CL01187,Королёв,Московская область,102798,INTERNET
CL01188,Красногорск,Московская область,132859,VK
CL01189,Королёв,Московская область,173272,INTERNET
CL01190,Королёв,Москва и МО,124461,INTERNET
CL01191,Красногорск,Московская область,136087,VK
CL01192,Мытищи,Москва и МО,158901,INTERNET
CL01193,Люберцы,Москва и МО,159517,VK
CL01194,Реутов,Московская область,102453,INTERNET
CL01195,Химки,Москва и МО,108302,INTERNET
CL01196,Химки,Москва и МО,165214,VK
CL01197,Люберцы,Москва и МО,184004,INTERNET
CL01198,Мытищи,Москва и МО,186362,VK
CL01199,Москва,Московская область,117009,VK
CL01200,Москва,Москва и МО,163618,VK
